video_id,timestamp,location,file_path
vid_6,2024-01-01 00:25:00,Entrance B,/videos/Entrance_B_20240101_002500.mp4
vid_40,2024-01-01 01:00:00,Platform 1,/videos/Platform_1_20240101_010000.mp4
vid_32,2024-01-01 04:05:00,Ticketing Hall,/videos/Ticketing_Hall_20240101_040500.mp4
vid_20,2024-01-01 04:50:00,Metro Transfer,/videos/Metro_Transfer_20240101_045000.mp4
vid_22,2024-01-01 05:05:00,Exit A,/videos/Exit_A_20240101_050500.mp4
vid_47,2024-01-01 05:50:00,Platform 1,/videos/Platform_1_20240101_055000.mp4
vid_13,2024-01-01 06:25:00,Exit A,/videos/Exit_A_20240101_062500.mp4
vid_42,2024-01-01 06:55:00,Security Check,/videos/Security_Check_20240101_065500.mp4
vid_30,2024-01-01 07:00:00,Exit A,/videos/Exit_A_20240101_070000.mp4
vid_18,2024-01-01 09:15:00,Entrance A,/videos/Entrance_A_20240101_091500.mp4
vid_40,2024-01-01 09:55:00,Ticketing Hall,/videos/Ticketing_Hall_20240101_095500.mp4
vid_37,2024-01-01 10:05:00,Entrance A,/videos/Entrance_A_20240101_100500.mp4
vid_30,2024-01-01 11:25:00,Platform 3,/videos/Platform_3_20240101_112500.mp4
vid_5,2024-01-01 11:35:00,Exit B,/videos/Exit_B_20240101_113500.mp4
vid_20,2024-01-01 14:30:00,Ticketing Hall,/videos/Ticketing_Hall_20240101_143000.mp4
vid_25,2024-01-01 15:55:00,Platform 2,/videos/Platform_2_20240101_155500.mp4
vid_37,2024-01-01 16:10:00,Platform 2,/videos/Platform_2_20240101_161000.mp4
vid_29,2024-01-01 16:55:00,Exit A,/videos/Exit_A_20240101_165500.mp4
vid_40,2024-01-01 17:50:00,Waiting Hall 2,/videos/Waiting_Hall_2_20240101_175000.mp4
vid_7,2024-01-01 18:55:00,Platform 3,/videos/Platform_3_20240101_185500.mp4
vid_43,2024-01-01 19:30:00,Entrance A,/videos/Entrance_A_20240101_193000.mp4
vid_50,2024-01-01 20:00:00,Waiting Hall 2,/videos/Waiting_Hall_2_20240101_200000.mp4
vid_17,2024-01-01 20:50:00,Security Check,/videos/Security_Check_20240101_205000.mp4
vid_22,2024-01-01 21:00:00,Entrance A,/videos/Entrance_A_20240101_210000.mp4
vid_14,2024-01-01 22:30:00,Exit A,/videos/Exit_A_20240101_223000.mp4
vid_35,2024-01-01 23:25:00,Platform 3,/videos/Platform_3_20240101_232500.mp4
vid_38,2024-01-02 01:15:00,Metro Transfer,/videos/Metro_Transfer_20240102_011500.mp4
vid_4,2024-01-02 02:30:00,Entrance B,/videos/Entrance_B_20240102_023000.mp4
vid_48,2024-01-02 03:10:00,Exit B,/videos/Exit_B_20240102_031000.mp4
vid_19,2024-01-02 03:50:00,Entrance A,/videos/Entrance_A_20240102_035000.mp4
vid_46,2024-01-02 10:00:00,Entrance B,/videos/Entrance_B_20240102_100000.mp4
vid_32,2024-01-02 10:10:00,Security Check,/videos/Security_Check_20240102_101000.mp4
vid_28,2024-01-02 10:45:00,Platform 2,/videos/Platform_2_20240102_104500.mp4
vid_41,2024-01-02 11:25:00,Ticketing Hall,/videos/Ticketing_Hall_20240102_112500.mp4
vid_14,2024-01-02 12:40:00,Platform 1,/videos/Platform_1_20240102_124000.mp4
vid_31,2024-01-02 12:50:00,Entrance A,/videos/Entrance_A_20240102_125000.mp4
vid_11,2024-01-02 13:00:00,Metro Transfer,/videos/Metro_Transfer_20240102_130000.mp4
vid_44,2024-01-02 13:45:00,Entrance B,/videos/Entrance_B_20240102_134500.mp4
vid_43,2024-01-02 14:15:00,Exit B,/videos/Exit_B_20240102_141500.mp4
vid_30,2024-01-02 15:05:00,Exit B,/videos/Exit_B_20240102_150500.mp4
vid_30,2024-01-02 17:30:00,Security Check,/videos/Security_Check_20240102_173000.mp4
vid_44,2024-01-02 18:55:00,Entrance B,/videos/Entrance_B_20240102_185500.mp4
vid_28,2024-01-02 20:10:00,Metro Transfer,/videos/Metro_Transfer_20240102_201000.mp4
vid_38,2024-01-02 21:25:00,Ticketing Hall,/videos/Ticketing_Hall_20240102_212500.mp4
vid_25,2024-01-02 23:05:00,Entrance B,/videos/Entrance_B_20240102_230500.mp4
vid_33,2024-01-03 00:35:00,Platform 2,/videos/Platform_2_20240103_003500.mp4
vid_12,2024-01-03 01:15:00,Exit A,/videos/Exit_A_20240103_011500.mp4
vid_27,2024-01-03 02:05:00,Waiting Hall 2,/videos/Waiting_Hall_2_20240103_020500.mp4
vid_20,2024-01-03 02:30:00,Waiting Hall 2,/videos/Waiting_Hall_2_20240103_023000.mp4
vid_8,2024-01-03 04:45:00,Entrance B,/videos/Entrance_B_20240103_044500.mp4
vid_17,2024-01-03 05:00:00,Entrance A,/videos/Entrance_A_20240103_050000.mp4
vid_22,2024-01-03 05:40:00,Exit B,/videos/Exit_B_20240103_054000.mp4
vid_36,2024-01-03 06:10:00,Exit A,/videos/Exit_A_20240103_061000.mp4
vid_27,2024-01-03 06:15:00,Metro Transfer,/videos/Metro_Transfer_20240103_061500.mp4
vid_8,2024-01-03 08:40:00,Exit A,/videos/Exit_A_20240103_084000.mp4
vid_25,2024-01-03 10:40:00,Waiting Hall 1,/videos/Waiting_Hall_1_20240103_104000.mp4
vid_31,2024-01-03 12:05:00,Platform 2,/videos/Platform_2_20240103_120500.mp4
vid_11,2024-01-03 12:35:00,Metro Transfer,/videos/Metro_Transfer_20240103_123500.mp4
vid_5,2024-01-03 12:55:00,Exit B,/videos/Exit_B_20240103_125500.mp4
vid_10,2024-01-03 13:30:00,Exit B,/videos/Exit_B_20240103_133000.mp4
vid_8,2024-01-03 15:50:00,Ticketing Hall,/videos/Ticketing_Hall_20240103_155000.mp4
vid_32,2024-01-03 16:55:00,Waiting Hall 1,/videos/Waiting_Hall_1_20240103_165500.mp4
vid_40,2024-01-03 18:00:00,Exit B,/videos/Exit_B_20240103_180000.mp4
vid_35,2024-01-03 18:20:00,Security Check,/videos/Security_Check_20240103_182000.mp4
vid_24,2024-01-03 18:40:00,Exit B,/videos/Exit_B_20240103_184000.mp4
vid_11,2024-01-03 19:10:00,Security Check,/videos/Security_Check_20240103_191000.mp4
vid_37,2024-01-03 20:45:00,Platform 1,/videos/Platform_1_20240103_204500.mp4
vid_38,2024-01-03 21:00:00,Security Check,/videos/Security_Check_20240103_210000.mp4
vid_40,2024-01-03 21:15:00,Entrance B,/videos/Entrance_B_20240103_211500.mp4
vid_2,2024-01-03 21:55:00,Platform 3,/videos/Platform_3_20240103_215500.mp4
vid_34,2024-01-03 22:55:00,Security Check,/videos/Security_Check_20240103_225500.mp4
vid_7,2024-01-03 23:15:00,Platform 1,/videos/Platform_1_20240103_231500.mp4
vid_45,2024-01-03 23:40:00,Metro Transfer,/videos/Metro_Transfer_20240103_234000.mp4
vid_44,2024-01-03 23:45:00,Platform 2,/videos/Platform_2_20240103_234500.mp4
vid_50,2024-01-04 00:10:00,Exit B,/videos/Exit_B_20240104_001000.mp4
vid_24,2024-01-04 00:15:00,Platform 2,/videos/Platform_2_20240104_001500.mp4
vid_30,2024-01-04 01:10:00,Waiting Hall 2,/videos/Waiting_Hall_2_20240104_011000.mp4
vid_15,2024-01-04 01:50:00,Metro Transfer,/videos/Metro_Transfer_20240104_015000.mp4
vid_46,2024-01-04 04:20:00,Entrance A,/videos/Entrance_A_20240104_042000.mp4
vid_14,2024-01-04 04:45:00,Platform 1,/videos/Platform_1_20240104_044500.mp4
vid_27,2024-01-04 05:10:00,Exit A,/videos/Exit_A_20240104_051000.mp4
vid_8,2024-01-04 06:10:00,Waiting Hall 2,/videos/Waiting_Hall_2_20240104_061000.mp4
vid_21,2024-01-04 06:20:00,Exit B,/videos/Exit_B_20240104_062000.mp4
vid_37,2024-01-04 06:40:00,Platform 2,/videos/Platform_2_20240104_064000.mp4
vid_32,2024-01-04 06:45:00,Platform 3,/videos/Platform_3_20240104_064500.mp4
vid_32,2024-01-04 07:25:00,Entrance A,/videos/Entrance_A_20240104_072500.mp4
vid_28,2024-01-04 07:30:00,Entrance B,/videos/Entrance_B_20240104_073000.mp4
vid_17,2024-01-04 08:35:00,Ticketing Hall,/videos/Ticketing_Hall_20240104_083500.mp4
vid_36,2024-01-04 08:50:00,Platform 1,/videos/Platform_1_20240104_085000.mp4
vid_7,2024-01-04 09:15:00,Metro Transfer,/videos/Metro_Transfer_20240104_091500.mp4
vid_48,2024-01-04 09:50:00,Platform 1,/videos/Platform_1_20240104_095000.mp4
vid_1,2024-01-04 09:55:00,Platform 1,/videos/Platform_1_20240104_095500.mp4
vid_4,2024-01-04 10:25:00,Entrance A,/videos/Entrance_A_20240104_102500.mp4
vid_47,2024-01-04 10:40:00,Metro Transfer,/videos/Metro_Transfer_20240104_104000.mp4
vid_3,2024-01-04 11:00:00,Platform 1,/videos/Platform_1_20240104_110000.mp4
vid_24,2024-01-04 11:45:00,Exit A,/videos/Exit_A_20240104_114500.mp4
vid_3,2024-01-04 11:50:00,Platform 3,/videos/Platform_3_20240104_115000.mp4
vid_16,2024-01-04 11:55:00,Waiting Hall 1,/videos/Waiting_Hall_1_20240104_115500.mp4
vid_4,2024-01-04 12:20:00,Entrance B,/videos/Entrance_B_20240104_122000.mp4
vid_28,2024-01-04 12:25:00,Metro Transfer,/videos/Metro_Transfer_20240104_122500.mp4
vid_50,2024-01-04 12:30:00,Platform 1,/videos/Platform_1_20240104_123000.mp4
vid_29,2024-01-04 12:40:00,Entrance A,/videos/Entrance_A_20240104_124000.mp4
vid_32,2024-01-04 13:00:00,Ticketing Hall,/videos/Ticketing_Hall_20240104_130000.mp4
vid_38,2024-01-04 13:30:00,Waiting Hall 1,/videos/Waiting_Hall_1_20240104_133000.mp4
vid_34,2024-01-04 14:15:00,Platform 3,/videos/Platform_3_20240104_141500.mp4
vid_11,2024-01-04 14:25:00,Metro Transfer,/videos/Metro_Transfer_20240104_142500.mp4
vid_47,2024-01-04 16:00:00,Waiting Hall 1,/videos/Waiting_Hall_1_20240104_160000.mp4
vid_33,2024-01-04 16:55:00,Exit B,/videos/Exit_B_20240104_165500.mp4
vid_22,2024-01-04 18:00:00,Security Check,/videos/Security_Check_20240104_180000.mp4
vid_20,2024-01-04 18:15:00,Metro Transfer,/videos/Metro_Transfer_20240104_181500.mp4
vid_30,2024-01-04 18:25:00,Waiting Hall 1,/videos/Waiting_Hall_1_20240104_182500.mp4
vid_48,2024-01-04 18:35:00,Waiting Hall 2,/videos/Waiting_Hall_2_20240104_183500.mp4
vid_17,2024-01-04 18:40:00,Platform 1,/videos/Platform_1_20240104_184000.mp4
vid_46,2024-01-04 19:00:00,Ticketing Hall,/videos/Ticketing_Hall_20240104_190000.mp4
vid_37,2024-01-04 20:00:00,Exit A,/videos/Exit_A_20240104_200000.mp4
vid_39,2024-01-04 21:20:00,Metro Transfer,/videos/Metro_Transfer_20240104_212000.mp4
vid_24,2024-01-04 21:40:00,Waiting Hall 1,/videos/Waiting_Hall_1_20240104_214000.mp4
vid_42,2024-01-04 23:45:00,Entrance B,/videos/Entrance_B_20240104_234500.mp4
vid_31,2024-01-04 23:55:00,Ticketing Hall,/videos/Ticketing_Hall_20240104_235500.mp4
vid_13,2024-01-05 00:20:00,Metro Transfer,/videos/Metro_Transfer_20240105_002000.mp4
vid_27,2024-01-05 00:25:00,Platform 3,/videos/Platform_3_20240105_002500.mp4
vid_21,2024-01-05 00:40:00,Security Check,/videos/Security_Check_20240105_004000.mp4
vid_29,2024-01-05 00:50:00,Platform 1,/videos/Platform_1_20240105_005000.mp4
vid_24,2024-01-05 01:20:00,Metro Transfer,/videos/Metro_Transfer_20240105_012000.mp4
vid_30,2024-01-05 02:10:00,Exit B,/videos/Exit_B_20240105_021000.mp4
vid_45,2024-01-05 03:30:00,Exit B,/videos/Exit_B_20240105_033000.mp4
vid_47,2024-01-05 03:55:00,Security Check,/videos/Security_Check_20240105_035500.mp4
vid_43,2024-01-05 05:40:00,Waiting Hall 2,/videos/Waiting_Hall_2_20240105_054000.mp4
vid_5,2024-01-05 05:55:00,Exit A,/videos/Exit_A_20240105_055500.mp4
vid_45,2024-01-05 06:30:00,Entrance A,/videos/Entrance_A_20240105_063000.mp4
vid_13,2024-01-05 06:35:00,Platform 2,/videos/Platform_2_20240105_063500.mp4
vid_48,2024-01-05 07:55:00,Ticketing Hall,/videos/Ticketing_Hall_20240105_075500.mp4
vid_10,2024-01-05 10:40:00,Metro Transfer,/videos/Metro_Transfer_20240105_104000.mp4
vid_42,2024-01-05 11:45:00,Platform 2,/videos/Platform_2_20240105_114500.mp4
vid_38,2024-01-05 14:25:00,Metro Transfer,/videos/Metro_Transfer_20240105_142500.mp4
vid_28,2024-01-05 16:30:00,Entrance A,/videos/Entrance_A_20240105_163000.mp4
vid_32,2024-01-05 17:20:00,Metro Transfer,/videos/Metro_Transfer_20240105_172000.mp4
vid_8,2024-01-05 18:25:00,Exit A,/videos/Exit_A_20240105_182500.mp4
vid_21,2024-01-05 19:25:00,Exit B,/videos/Exit_B_20240105_192500.mp4
vid_46,2024-01-05 21:45:00,Waiting Hall 2,/videos/Waiting_Hall_2_20240105_214500.mp4
vid_1,2024-01-05 21:50:00,Platform 3,/videos/Platform_3_20240105_215000.mp4
vid_7,2024-01-05 23:30:00,Security Check,/videos/Security_Check_20240105_233000.mp4
vid_19,2024-01-06 01:15:00,Exit A,/videos/Exit_A_20240106_011500.mp4
vid_45,2024-01-06 01:40:00,Waiting Hall 2,/videos/Waiting_Hall_2_20240106_014000.mp4
vid_17,2024-01-06 03:20:00,Entrance A,/videos/Entrance_A_20240106_032000.mp4
vid_11,2024-01-06 03:25:00,Entrance A,/videos/Entrance_A_20240106_032500.mp4
vid_25,2024-01-06 04:00:00,Platform 2,/videos/Platform_2_20240106_040000.mp4
vid_3,2024-01-06 04:40:00,Entrance A,/videos/Entrance_A_20240106_044000.mp4
vid_8,2024-01-06 05:30:00,Platform 1,/videos/Platform_1_20240106_053000.mp4
vid_7,2024-01-06 08:05:00,Waiting Hall 2,/videos/Waiting_Hall_2_20240106_080500.mp4
vid_44,2024-01-06 09:00:00,Platform 3,/videos/Platform_3_20240106_090000.mp4
vid_32,2024-01-06 09:40:00,Platform 3,/videos/Platform_3_20240106_094000.mp4
vid_23,2024-01-06 10:40:00,Exit A,/videos/Exit_A_20240106_104000.mp4
vid_31,2024-01-06 12:15:00,Waiting Hall 1,/videos/Waiting_Hall_1_20240106_121500.mp4
vid_29,2024-01-06 12:40:00,Entrance A,/videos/Entrance_A_20240106_124000.mp4
vid_10,2024-01-06 12:55:00,Entrance B,/videos/Entrance_B_20240106_125500.mp4
vid_37,2024-01-06 13:00:00,Exit A,/videos/Exit_A_20240106_130000.mp4
vid_48,2024-01-06 14:05:00,Metro Transfer,/videos/Metro_Transfer_20240106_140500.mp4
vid_30,2024-01-06 14:20:00,Metro Transfer,/videos/Metro_Transfer_20240106_142000.mp4
vid_29,2024-01-06 17:55:00,Entrance B,/videos/Entrance_B_20240106_175500.mp4
vid_14,2024-01-06 18:45:00,Platform 3,/videos/Platform_3_20240106_184500.mp4
vid_21,2024-01-06 18:50:00,Metro Transfer,/videos/Metro_Transfer_20240106_185000.mp4
vid_27,2024-01-06 18:55:00,Entrance A,/videos/Entrance_A_20240106_185500.mp4
vid_12,2024-01-06 19:45:00,Platform 1,/videos/Platform_1_20240106_194500.mp4
vid_30,2024-01-06 19:50:00,Metro Transfer,/videos/Metro_Transfer_20240106_195000.mp4
vid_37,2024-01-06 21:05:00,Waiting Hall 1,/videos/Waiting_Hall_1_20240106_210500.mp4
vid_39,2024-01-06 21:15:00,Metro Transfer,/videos/Metro_Transfer_20240106_211500.mp4
vid_45,2024-01-06 21:35:00,Entrance A,/videos/Entrance_A_20240106_213500.mp4
vid_14,2024-01-06 21:50:00,Platform 1,/videos/Platform_1_20240106_215000.mp4
vid_36,2024-01-06 23:00:00,Exit B,/videos/Exit_B_20240106_230000.mp4
vid_7,2024-01-06 23:30:00,Security Check,/videos/Security_Check_20240106_233000.mp4
vid_47,2024-01-07 00:10:00,Exit A,/videos/Exit_A_20240107_001000.mp4
vid_30,2024-01-07 00:45:00,Platform 3,/videos/Platform_3_20240107_004500.mp4
vid_9,2024-01-07 02:15:00,Platform 3,/videos/Platform_3_20240107_021500.mp4
vid_29,2024-01-07 03:50:00,Waiting Hall 1,/videos/Waiting_Hall_1_20240107_035000.mp4
vid_10,2024-01-07 04:05:00,Entrance A,/videos/Entrance_A_20240107_040500.mp4
vid_23,2024-01-07 04:25:00,Metro Transfer,/videos/Metro_Transfer_20240107_042500.mp4
vid_16,2024-01-07 04:30:00,Platform 1,/videos/Platform_1_20240107_043000.mp4
vid_26,2024-01-07 08:00:00,Entrance B,/videos/Entrance_B_20240107_080000.mp4
vid_15,2024-01-07 08:10:00,Security Check,/videos/Security_Check_20240107_081000.mp4
vid_5,2024-01-07 08:30:00,Ticketing Hall,/videos/Ticketing_Hall_20240107_083000.mp4
vid_33,2024-01-07 08:55:00,Platform 2,/videos/Platform_2_20240107_085500.mp4
vid_27,2024-01-07 09:15:00,Platform 1,/videos/Platform_1_20240107_091500.mp4
vid_31,2024-01-07 10:05:00,Platform 1,/videos/Platform_1_20240107_100500.mp4
vid_22,2024-01-07 11:45:00,Waiting Hall 1,/videos/Waiting_Hall_1_20240107_114500.mp4
vid_4,2024-01-07 13:45:00,Platform 3,/videos/Platform_3_20240107_134500.mp4
vid_25,2024-01-07 13:55:00,Platform 1,/videos/Platform_1_20240107_135500.mp4
vid_33,2024-01-07 15:55:00,Exit A,/videos/Exit_A_20240107_155500.mp4
vid_42,2024-01-07 16:00:00,Waiting Hall 1,/videos/Waiting_Hall_1_20240107_160000.mp4
vid_44,2024-01-07 16:35:00,Entrance A,/videos/Entrance_A_20240107_163500.mp4
vid_28,2024-01-07 17:25:00,Waiting Hall 2,/videos/Waiting_Hall_2_20240107_172500.mp4
vid_2,2024-01-07 18:45:00,Ticketing Hall,/videos/Ticketing_Hall_20240107_184500.mp4
vid_45,2024-01-07 20:35:00,Platform 3,/videos/Platform_3_20240107_203500.mp4
vid_21,2024-01-07 21:20:00,Entrance B,/videos/Entrance_B_20240107_212000.mp4
vid_45,2024-01-07 21:40:00,Metro Transfer,/videos/Metro_Transfer_20240107_214000.mp4
vid_3,2024-01-07 23:30:00,Platform 2,/videos/Platform_2_20240107_233000.mp4
vid_12,2024-01-08 00:05:00,Security Check,/videos/Security_Check_20240108_000500.mp4
vid_5,2024-01-08 00:25:00,Platform 3,/videos/Platform_3_20240108_002500.mp4
vid_17,2024-01-08 01:30:00,Waiting Hall 2,/videos/Waiting_Hall_2_20240108_013000.mp4
vid_45,2024-01-08 03:10:00,Entrance A,/videos/Entrance_A_20240108_031000.mp4
vid_31,2024-01-08 03:40:00,Ticketing Hall,/videos/Ticketing_Hall_20240108_034000.mp4
vid_6,2024-01-08 04:05:00,Waiting Hall 2,/videos/Waiting_Hall_2_20240108_040500.mp4
vid_10,2024-01-08 04:15:00,Waiting Hall 1,/videos/Waiting_Hall_1_20240108_041500.mp4
vid_4,2024-01-08 05:35:00,Security Check,/videos/Security_Check_20240108_053500.mp4
vid_28,2024-01-08 06:35:00,Metro Transfer,/videos/Metro_Transfer_20240108_063500.mp4
vid_29,2024-01-08 07:00:00,Platform 3,/videos/Platform_3_20240108_070000.mp4
vid_26,2024-01-08 07:05:00,Platform 3,/videos/Platform_3_20240108_070500.mp4
vid_19,2024-01-08 07:10:00,Platform 2,/videos/Platform_2_20240108_071000.mp4
vid_1,2024-01-08 07:40:00,Security Check,/videos/Security_Check_20240108_074000.mp4
vid_15,2024-01-08 08:20:00,Platform 2,/videos/Platform_2_20240108_082000.mp4
vid_41,2024-01-08 09:50:00,Metro Transfer,/videos/Metro_Transfer_20240108_095000.mp4
vid_18,2024-01-08 10:55:00,Waiting Hall 1,/videos/Waiting_Hall_1_20240108_105500.mp4
vid_41,2024-01-08 12:10:00,Waiting Hall 1,/videos/Waiting_Hall_1_20240108_121000.mp4
vid_8,2024-01-08 12:55:00,Security Check,/videos/Security_Check_20240108_125500.mp4
vid_27,2024-01-08 13:05:00,Metro Transfer,/videos/Metro_Transfer_20240108_130500.mp4
vid_18,2024-01-08 13:55:00,Ticketing Hall,/videos/Ticketing_Hall_20240108_135500.mp4
vid_22,2024-01-08 14:00:00,Waiting Hall 2,/videos/Waiting_Hall_2_20240108_140000.mp4
vid_45,2024-01-08 14:30:00,Waiting Hall 2,/videos/Waiting_Hall_2_20240108_143000.mp4
vid_33,2024-01-08 15:35:00,Waiting Hall 1,/videos/Waiting_Hall_1_20240108_153500.mp4
vid_28,2024-01-08 16:35:00,Metro Transfer,/videos/Metro_Transfer_20240108_163500.mp4
vid_30,2024-01-08 17:00:00,Entrance B,/videos/Entrance_B_20240108_170000.mp4
vid_43,2024-01-08 17:15:00,Exit B,/videos/Exit_B_20240108_171500.mp4
vid_24,2024-01-08 17:20:00,Entrance A,/videos/Entrance_A_20240108_172000.mp4
vid_5,2024-01-08 18:15:00,Exit B,/videos/Exit_B_20240108_181500.mp4
vid_34,2024-01-08 18:20:00,Waiting Hall 2,/videos/Waiting_Hall_2_20240108_182000.mp4
vid_22,2024-01-08 18:35:00,Entrance A,/videos/Entrance_A_20240108_183500.mp4
vid_15,2024-01-08 18:40:00,Exit A,/videos/Exit_A_20240108_184000.mp4
vid_8,2024-01-08 20:40:00,Waiting Hall 1,/videos/Waiting_Hall_1_20240108_204000.mp4
vid_25,2024-01-08 20:45:00,Waiting Hall 2,/videos/Waiting_Hall_2_20240108_204500.mp4
vid_36,2024-01-08 21:45:00,Exit A,/videos/Exit_A_20240108_214500.mp4
vid_36,2024-01-08 22:05:00,Security Check,/videos/Security_Check_20240108_220500.mp4
vid_19,2024-01-09 00:05:00,Platform 3,/videos/Platform_3_20240109_000500.mp4
vid_22,2024-01-09 00:20:00,Platform 2,/videos/Platform_2_20240109_002000.mp4
vid_9,2024-01-09 01:05:00,Platform 2,/videos/Platform_2_20240109_010500.mp4
vid_8,2024-01-09 01:20:00,Platform 3,/videos/Platform_3_20240109_012000.mp4
vid_8,2024-01-09 01:45:00,Platform 2,/videos/Platform_2_20240109_014500.mp4
vid_29,2024-01-09 01:55:00,Entrance A,/videos/Entrance_A_20240109_015500.mp4
vid_48,2024-01-09 02:50:00,Entrance A,/videos/Entrance_A_20240109_025000.mp4
vid_43,2024-01-09 04:15:00,Platform 2,/videos/Platform_2_20240109_041500.mp4
vid_32,2024-01-09 05:40:00,Platform 2,/videos/Platform_2_20240109_054000.mp4
vid_24,2024-01-09 06:45:00,Entrance A,/videos/Entrance_A_20240109_064500.mp4
vid_40,2024-01-09 06:50:00,Waiting Hall 1,/videos/Waiting_Hall_1_20240109_065000.mp4
vid_3,2024-01-09 07:20:00,Platform 2,/videos/Platform_2_20240109_072000.mp4
vid_26,2024-01-09 07:50:00,Exit B,/videos/Exit_B_20240109_075000.mp4
vid_32,2024-01-09 09:00:00,Exit B,/videos/Exit_B_20240109_090000.mp4
vid_19,2024-01-09 09:30:00,Platform 1,/videos/Platform_1_20240109_093000.mp4
vid_9,2024-01-09 10:20:00,Entrance B,/videos/Entrance_B_20240109_102000.mp4
vid_22,2024-01-09 12:35:00,Waiting Hall 2,/videos/Waiting_Hall_2_20240109_123500.mp4
vid_38,2024-01-09 13:40:00,Security Check,/videos/Security_Check_20240109_134000.mp4
vid_45,2024-01-09 14:30:00,Ticketing Hall,/videos/Ticketing_Hall_20240109_143000.mp4
vid_38,2024-01-09 15:15:00,Exit B,/videos/Exit_B_20240109_151500.mp4
vid_42,2024-01-09 15:30:00,Platform 3,/videos/Platform_3_20240109_153000.mp4
vid_21,2024-01-09 15:55:00,Waiting Hall 1,/videos/Waiting_Hall_1_20240109_155500.mp4
vid_26,2024-01-09 16:35:00,Exit B,/videos/Exit_B_20240109_163500.mp4
vid_10,2024-01-09 17:25:00,Ticketing Hall,/videos/Ticketing_Hall_20240109_172500.mp4
vid_16,2024-01-09 17:50:00,Platform 3,/videos/Platform_3_20240109_175000.mp4
vid_28,2024-01-09 20:15:00,Platform 2,/videos/Platform_2_20240109_201500.mp4
vid_3,2024-01-09 23:05:00,Entrance A,/videos/Entrance_A_20240109_230500.mp4
vid_42,2024-01-09 23:20:00,Platform 3,/videos/Platform_3_20240109_232000.mp4
vid_22,2024-01-09 23:45:00,Waiting Hall 1,/videos/Waiting_Hall_1_20240109_234500.mp4
vid_23,2024-01-10 00:05:00,Security Check,/videos/Security_Check_20240110_000500.mp4
vid_24,2024-01-10 00:20:00,Entrance B,/videos/Entrance_B_20240110_002000.mp4
vid_31,2024-01-10 00:25:00,Entrance B,/videos/Entrance_B_20240110_002500.mp4
vid_49,2024-01-10 01:20:00,Ticketing Hall,/videos/Ticketing_Hall_20240110_012000.mp4
vid_45,2024-01-10 01:25:00,Exit A,/videos/Exit_A_20240110_012500.mp4
vid_5,2024-01-10 01:55:00,Platform 2,/videos/Platform_2_20240110_015500.mp4
vid_13,2024-01-10 03:10:00,Ticketing Hall,/videos/Ticketing_Hall_20240110_031000.mp4
vid_34,2024-01-10 04:05:00,Exit A,/videos/Exit_A_20240110_040500.mp4
vid_38,2024-01-10 07:15:00,Platform 1,/videos/Platform_1_20240110_071500.mp4
vid_14,2024-01-10 07:50:00,Platform 2,/videos/Platform_2_20240110_075000.mp4
vid_12,2024-01-10 08:55:00,Entrance B,/videos/Entrance_B_20240110_085500.mp4
vid_13,2024-01-10 09:35:00,Exit A,/videos/Exit_A_20240110_093500.mp4
vid_49,2024-01-10 11:25:00,Platform 1,/videos/Platform_1_20240110_112500.mp4
vid_22,2024-01-10 12:25:00,Platform 1,/videos/Platform_1_20240110_122500.mp4
vid_42,2024-01-10 12:30:00,Exit B,/videos/Exit_B_20240110_123000.mp4
vid_43,2024-01-10 13:10:00,Entrance A,/videos/Entrance_A_20240110_131000.mp4
vid_40,2024-01-10 13:30:00,Entrance B,/videos/Entrance_B_20240110_133000.mp4
vid_28,2024-01-10 15:40:00,Exit A,/videos/Exit_A_20240110_154000.mp4
vid_11,2024-01-10 17:15:00,Metro Transfer,/videos/Metro_Transfer_20240110_171500.mp4
vid_13,2024-01-10 17:25:00,Entrance B,/videos/Entrance_B_20240110_172500.mp4
vid_27,2024-01-10 17:35:00,Platform 1,/videos/Platform_1_20240110_173500.mp4
vid_26,2024-01-10 17:45:00,Entrance B,/videos/Entrance_B_20240110_174500.mp4
vid_44,2024-01-10 18:00:00,Platform 1,/videos/Platform_1_20240110_180000.mp4
vid_5,2024-01-10 19:35:00,Platform 3,/videos/Platform_3_20240110_193500.mp4
vid_10,2024-01-10 19:45:00,Platform 2,/videos/Platform_2_20240110_194500.mp4
vid_28,2024-01-10 20:15:00,Metro Transfer,/videos/Metro_Transfer_20240110_201500.mp4
vid_16,2024-01-10 21:00:00,Platform 2,/videos/Platform_2_20240110_210000.mp4
vid_10,2024-01-10 21:20:00,Waiting Hall 1,/videos/Waiting_Hall_1_20240110_212000.mp4
vid_44,2024-01-10 22:05:00,Waiting Hall 1,/videos/Waiting_Hall_1_20240110_220500.mp4
vid_50,2024-01-10 22:20:00,Platform 1,/videos/Platform_1_20240110_222000.mp4
vid_3,2024-01-10 23:50:00,Exit A,/videos/Exit_A_20240110_235000.mp4
vid_44,2024-01-11 01:10:00,Metro Transfer,/videos/Metro_Transfer_20240111_011000.mp4
vid_7,2024-01-11 01:30:00,Exit B,/videos/Exit_B_20240111_013000.mp4
vid_7,2024-01-11 02:30:00,Entrance A,/videos/Entrance_A_20240111_023000.mp4
vid_34,2024-01-11 04:20:00,Platform 1,/videos/Platform_1_20240111_042000.mp4
vid_7,2024-01-11 05:35:00,Metro Transfer,/videos/Metro_Transfer_20240111_053500.mp4
vid_38,2024-01-11 07:55:00,Waiting Hall 1,/videos/Waiting_Hall_1_20240111_075500.mp4
vid_29,2024-01-11 09:35:00,Metro Transfer,/videos/Metro_Transfer_20240111_093500.mp4
vid_40,2024-01-11 11:20:00,Entrance B,/videos/Entrance_B_20240111_112000.mp4
vid_35,2024-01-11 11:25:00,Exit B,/videos/Exit_B_20240111_112500.mp4
vid_3,2024-01-11 11:30:00,Platform 1,/videos/Platform_1_20240111_113000.mp4
vid_39,2024-01-11 14:00:00,Exit B,/videos/Exit_B_20240111_140000.mp4
vid_17,2024-01-11 14:05:00,Security Check,/videos/Security_Check_20240111_140500.mp4
vid_29,2024-01-11 15:30:00,Waiting Hall 2,/videos/Waiting_Hall_2_20240111_153000.mp4
vid_36,2024-01-11 16:05:00,Platform 1,/videos/Platform_1_20240111_160500.mp4
vid_49,2024-01-11 17:10:00,Security Check,/videos/Security_Check_20240111_171000.mp4
vid_47,2024-01-11 17:20:00,Security Check,/videos/Security_Check_20240111_172000.mp4
vid_8,2024-01-11 17:30:00,Metro Transfer,/videos/Metro_Transfer_20240111_173000.mp4
vid_26,2024-01-11 18:20:00,Waiting Hall 1,/videos/Waiting_Hall_1_20240111_182000.mp4
vid_8,2024-01-11 19:15:00,Exit B,/videos/Exit_B_20240111_191500.mp4
vid_49,2024-01-11 19:45:00,Exit A,/videos/Exit_A_20240111_194500.mp4
vid_16,2024-01-11 20:30:00,Ticketing Hall,/videos/Ticketing_Hall_20240111_203000.mp4
vid_47,2024-01-11 20:45:00,Entrance A,/videos/Entrance_A_20240111_204500.mp4
vid_34,2024-01-11 22:00:00,Entrance A,/videos/Entrance_A_20240111_220000.mp4
vid_21,2024-01-11 22:30:00,Entrance A,/videos/Entrance_A_20240111_223000.mp4
vid_35,2024-01-11 23:00:00,Exit B,/videos/Exit_B_20240111_230000.mp4
vid_39,2024-01-12 00:15:00,Ticketing Hall,/videos/Ticketing_Hall_20240112_001500.mp4
vid_22,2024-01-12 02:45:00,Entrance A,/videos/Entrance_A_20240112_024500.mp4
vid_33,2024-01-12 03:30:00,Security Check,/videos/Security_Check_20240112_033000.mp4
vid_35,2024-01-12 05:05:00,Entrance A,/videos/Entrance_A_20240112_050500.mp4
vid_18,2024-01-12 05:45:00,Entrance B,/videos/Entrance_B_20240112_054500.mp4
vid_13,2024-01-12 07:20:00,Entrance A,/videos/Entrance_A_20240112_072000.mp4
vid_19,2024-01-12 07:30:00,Waiting Hall 2,/videos/Waiting_Hall_2_20240112_073000.mp4
vid_2,2024-01-12 08:15:00,Metro Transfer,/videos/Metro_Transfer_20240112_081500.mp4
vid_3,2024-01-12 09:30:00,Platform 2,/videos/Platform_2_20240112_093000.mp4
vid_48,2024-01-12 09:35:00,Exit B,/videos/Exit_B_20240112_093500.mp4
vid_45,2024-01-12 10:10:00,Entrance B,/videos/Entrance_B_20240112_101000.mp4
vid_4,2024-01-12 10:30:00,Metro Transfer,/videos/Metro_Transfer_20240112_103000.mp4
vid_25,2024-01-12 11:20:00,Platform 2,/videos/Platform_2_20240112_112000.mp4
vid_15,2024-01-12 13:05:00,Metro Transfer,/videos/Metro_Transfer_20240112_130500.mp4
vid_42,2024-01-12 13:15:00,Platform 2,/videos/Platform_2_20240112_131500.mp4
vid_47,2024-01-12 14:10:00,Exit B,/videos/Exit_B_20240112_141000.mp4
vid_28,2024-01-12 15:45:00,Security Check,/videos/Security_Check_20240112_154500.mp4
vid_38,2024-01-12 16:15:00,Ticketing Hall,/videos/Ticketing_Hall_20240112_161500.mp4
vid_41,2024-01-12 16:25:00,Entrance A,/videos/Entrance_A_20240112_162500.mp4
vid_7,2024-01-12 16:35:00,Waiting Hall 1,/videos/Waiting_Hall_1_20240112_163500.mp4
vid_5,2024-01-12 17:40:00,Waiting Hall 2,/videos/Waiting_Hall_2_20240112_174000.mp4
vid_27,2024-01-12 18:05:00,Entrance B,/videos/Entrance_B_20240112_180500.mp4
vid_27,2024-01-12 18:40:00,Metro Transfer,/videos/Metro_Transfer_20240112_184000.mp4
vid_20,2024-01-12 19:15:00,Ticketing Hall,/videos/Ticketing_Hall_20240112_191500.mp4
vid_2,2024-01-12 21:20:00,Platform 3,/videos/Platform_3_20240112_212000.mp4
vid_41,2024-01-13 02:25:00,Waiting Hall 1,/videos/Waiting_Hall_1_20240113_022500.mp4
vid_11,2024-01-13 04:50:00,Entrance B,/videos/Entrance_B_20240113_045000.mp4
vid_28,2024-01-13 05:10:00,Platform 1,/videos/Platform_1_20240113_051000.mp4
vid_28,2024-01-13 06:25:00,Exit A,/videos/Exit_A_20240113_062500.mp4
vid_10,2024-01-13 07:15:00,Platform 1,/videos/Platform_1_20240113_071500.mp4
vid_8,2024-01-13 07:30:00,Exit B,/videos/Exit_B_20240113_073000.mp4
vid_46,2024-01-13 09:50:00,Waiting Hall 1,/videos/Waiting_Hall_1_20240113_095000.mp4
vid_47,2024-01-13 10:40:00,Security Check,/videos/Security_Check_20240113_104000.mp4
vid_23,2024-01-13 11:35:00,Metro Transfer,/videos/Metro_Transfer_20240113_113500.mp4
vid_34,2024-01-13 12:15:00,Ticketing Hall,/videos/Ticketing_Hall_20240113_121500.mp4
vid_26,2024-01-13 12:55:00,Waiting Hall 2,/videos/Waiting_Hall_2_20240113_125500.mp4
vid_4,2024-01-13 13:05:00,Waiting Hall 1,/videos/Waiting_Hall_1_20240113_130500.mp4
vid_18,2024-01-13 14:00:00,Exit A,/videos/Exit_A_20240113_140000.mp4
vid_33,2024-01-13 14:05:00,Ticketing Hall,/videos/Ticketing_Hall_20240113_140500.mp4
vid_17,2024-01-13 14:35:00,Exit B,/videos/Exit_B_20240113_143500.mp4
vid_45,2024-01-13 15:45:00,Ticketing Hall,/videos/Ticketing_Hall_20240113_154500.mp4
vid_21,2024-01-13 16:15:00,Metro Transfer,/videos/Metro_Transfer_20240113_161500.mp4
vid_5,2024-01-13 17:25:00,Ticketing Hall,/videos/Ticketing_Hall_20240113_172500.mp4
vid_25,2024-01-13 17:30:00,Waiting Hall 1,/videos/Waiting_Hall_1_20240113_173000.mp4
vid_38,2024-01-13 17:45:00,Entrance A,/videos/Entrance_A_20240113_174500.mp4
vid_1,2024-01-13 19:40:00,Waiting Hall 1,/videos/Waiting_Hall_1_20240113_194000.mp4
vid_15,2024-01-13 19:55:00,Waiting Hall 2,/videos/Waiting_Hall_2_20240113_195500.mp4
vid_47,2024-01-13 23:10:00,Entrance B,/videos/Entrance_B_20240113_231000.mp4
vid_48,2024-01-13 23:40:00,Platform 1,/videos/Platform_1_20240113_234000.mp4
vid_24,2024-01-14 00:10:00,Platform 3,/videos/Platform_3_20240114_001000.mp4
vid_44,2024-01-14 02:05:00,Platform 3,/videos/Platform_3_20240114_020500.mp4
vid_32,2024-01-14 02:20:00,Platform 2,/videos/Platform_2_20240114_022000.mp4
vid_8,2024-01-14 02:40:00,Metro Transfer,/videos/Metro_Transfer_20240114_024000.mp4
vid_26,2024-01-14 02:50:00,Platform 3,/videos/Platform_3_20240114_025000.mp4
vid_32,2024-01-14 03:10:00,Platform 2,/videos/Platform_2_20240114_031000.mp4
vid_41,2024-01-14 03:35:00,Exit B,/videos/Exit_B_20240114_033500.mp4
vid_14,2024-01-14 05:00:00,Entrance B,/videos/Entrance_B_20240114_050000.mp4
vid_19,2024-01-14 05:10:00,Entrance A,/videos/Entrance_A_20240114_051000.mp4
vid_40,2024-01-14 05:45:00,Ticketing Hall,/videos/Ticketing_Hall_20240114_054500.mp4
vid_4,2024-01-14 05:55:00,Platform 2,/videos/Platform_2_20240114_055500.mp4
vid_16,2024-01-14 06:35:00,Platform 1,/videos/Platform_1_20240114_063500.mp4
vid_37,2024-01-14 07:10:00,Exit B,/videos/Exit_B_20240114_071000.mp4
vid_49,2024-01-14 09:05:00,Security Check,/videos/Security_Check_20240114_090500.mp4
vid_19,2024-01-14 09:15:00,Platform 3,/videos/Platform_3_20240114_091500.mp4
vid_7,2024-01-14 10:25:00,Security Check,/videos/Security_Check_20240114_102500.mp4
vid_18,2024-01-14 11:05:00,Platform 3,/videos/Platform_3_20240114_110500.mp4
vid_3,2024-01-14 12:05:00,Platform 2,/videos/Platform_2_20240114_120500.mp4
vid_25,2024-01-14 12:25:00,Exit B,/videos/Exit_B_20240114_122500.mp4
vid_47,2024-01-14 12:30:00,Waiting Hall 1,/videos/Waiting_Hall_1_20240114_123000.mp4
vid_37,2024-01-14 13:25:00,Metro Transfer,/videos/Metro_Transfer_20240114_132500.mp4
vid_13,2024-01-14 13:30:00,Platform 2,/videos/Platform_2_20240114_133000.mp4
vid_50,2024-01-14 13:35:00,Waiting Hall 1,/videos/Waiting_Hall_1_20240114_133500.mp4
vid_15,2024-01-14 14:20:00,Waiting Hall 1,/videos/Waiting_Hall_1_20240114_142000.mp4
vid_31,2024-01-14 14:25:00,Entrance A,/videos/Entrance_A_20240114_142500.mp4
vid_18,2024-01-14 15:25:00,Waiting Hall 1,/videos/Waiting_Hall_1_20240114_152500.mp4
vid_36,2024-01-14 16:00:00,Metro Transfer,/videos/Metro_Transfer_20240114_160000.mp4
vid_25,2024-01-14 16:30:00,Exit A,/videos/Exit_A_20240114_163000.mp4
vid_7,2024-01-14 17:25:00,Platform 1,/videos/Platform_1_20240114_172500.mp4
vid_27,2024-01-14 19:20:00,Waiting Hall 1,/videos/Waiting_Hall_1_20240114_192000.mp4
vid_14,2024-01-14 19:25:00,Entrance B,/videos/Entrance_B_20240114_192500.mp4
vid_37,2024-01-14 21:45:00,Security Check,/videos/Security_Check_20240114_214500.mp4
vid_50,2024-01-14 22:25:00,Platform 2,/videos/Platform_2_20240114_222500.mp4
vid_32,2024-01-14 23:35:00,Platform 2,/videos/Platform_2_20240114_233500.mp4
vid_21,2024-01-15 02:55:00,Platform 1,/videos/Platform_1_20240115_025500.mp4
vid_26,2024-01-15 03:30:00,Exit B,/videos/Exit_B_20240115_033000.mp4
vid_33,2024-01-15 06:05:00,Entrance B,/videos/Entrance_B_20240115_060500.mp4
vid_1,2024-01-15 08:00:00,Metro Transfer,/videos/Metro_Transfer_20240115_080000.mp4
vid_21,2024-01-15 08:10:00,Metro Transfer,/videos/Metro_Transfer_20240115_081000.mp4
vid_13,2024-01-15 08:25:00,Exit B,/videos/Exit_B_20240115_082500.mp4
vid_16,2024-01-15 09:20:00,Ticketing Hall,/videos/Ticketing_Hall_20240115_092000.mp4
vid_3,2024-01-15 10:00:00,Platform 1,/videos/Platform_1_20240115_100000.mp4
vid_15,2024-01-15 10:15:00,Exit B,/videos/Exit_B_20240115_101500.mp4
vid_18,2024-01-15 11:15:00,Platform 2,/videos/Platform_2_20240115_111500.mp4
vid_18,2024-01-15 12:30:00,Security Check,/videos/Security_Check_20240115_123000.mp4
vid_44,2024-01-15 13:00:00,Waiting Hall 1,/videos/Waiting_Hall_1_20240115_130000.mp4
vid_31,2024-01-15 17:15:00,Security Check,/videos/Security_Check_20240115_171500.mp4
vid_34,2024-01-15 17:45:00,Exit B,/videos/Exit_B_20240115_174500.mp4
vid_37,2024-01-15 18:55:00,Platform 2,/videos/Platform_2_20240115_185500.mp4
vid_33,2024-01-15 19:25:00,Exit B,/videos/Exit_B_20240115_192500.mp4
vid_38,2024-01-15 20:05:00,Entrance B,/videos/Entrance_B_20240115_200500.mp4
vid_1,2024-01-15 20:35:00,Waiting Hall 1,/videos/Waiting_Hall_1_20240115_203500.mp4
vid_40,2024-01-15 21:05:00,Platform 3,/videos/Platform_3_20240115_210500.mp4
vid_24,2024-01-15 21:10:00,Platform 3,/videos/Platform_3_20240115_211000.mp4
vid_40,2024-01-15 22:55:00,Platform 3,/videos/Platform_3_20240115_225500.mp4
vid_12,2024-01-15 23:15:00,Waiting Hall 2,/videos/Waiting_Hall_2_20240115_231500.mp4
vid_43,2024-01-15 23:35:00,Platform 2,/videos/Platform_2_20240115_233500.mp4
vid_27,2024-01-16 01:30:00,Ticketing Hall,/videos/Ticketing_Hall_20240116_013000.mp4
vid_30,2024-01-16 01:50:00,Waiting Hall 1,/videos/Waiting_Hall_1_20240116_015000.mp4
vid_45,2024-01-16 03:15:00,Platform 3,/videos/Platform_3_20240116_031500.mp4
vid_9,2024-01-16 03:20:00,Waiting Hall 1,/videos/Waiting_Hall_1_20240116_032000.mp4
vid_27,2024-01-16 04:30:00,Waiting Hall 2,/videos/Waiting_Hall_2_20240116_043000.mp4
vid_16,2024-01-16 08:05:00,Exit B,/videos/Exit_B_20240116_080500.mp4
vid_12,2024-01-16 08:20:00,Entrance B,/videos/Entrance_B_20240116_082000.mp4
vid_22,2024-01-16 08:40:00,Exit A,/videos/Exit_A_20240116_084000.mp4
vid_17,2024-01-16 08:45:00,Waiting Hall 2,/videos/Waiting_Hall_2_20240116_084500.mp4
vid_35,2024-01-16 09:10:00,Entrance B,/videos/Entrance_B_20240116_091000.mp4
vid_40,2024-01-16 09:15:00,Waiting Hall 2,/videos/Waiting_Hall_2_20240116_091500.mp4
vid_39,2024-01-16 09:45:00,Metro Transfer,/videos/Metro_Transfer_20240116_094500.mp4
vid_49,2024-01-16 10:50:00,Metro Transfer,/videos/Metro_Transfer_20240116_105000.mp4
vid_22,2024-01-16 10:55:00,Platform 2,/videos/Platform_2_20240116_105500.mp4
vid_31,2024-01-16 11:00:00,Security Check,/videos/Security_Check_20240116_110000.mp4
vid_48,2024-01-16 11:10:00,Exit B,/videos/Exit_B_20240116_111000.mp4
vid_11,2024-01-16 11:35:00,Entrance A,/videos/Entrance_A_20240116_113500.mp4
vid_33,2024-01-16 11:50:00,Waiting Hall 1,/videos/Waiting_Hall_1_20240116_115000.mp4
vid_6,2024-01-16 12:45:00,Entrance A,/videos/Entrance_A_20240116_124500.mp4
vid_32,2024-01-16 13:20:00,Exit A,/videos/Exit_A_20240116_132000.mp4
vid_44,2024-01-16 16:20:00,Entrance B,/videos/Entrance_B_20240116_162000.mp4
vid_27,2024-01-16 16:45:00,Entrance A,/videos/Entrance_A_20240116_164500.mp4
vid_37,2024-01-16 17:20:00,Waiting Hall 1,/videos/Waiting_Hall_1_20240116_172000.mp4
vid_24,2024-01-16 17:45:00,Platform 1,/videos/Platform_1_20240116_174500.mp4
vid_9,2024-01-16 21:25:00,Entrance A,/videos/Entrance_A_20240116_212500.mp4
vid_25,2024-01-16 22:05:00,Metro Transfer,/videos/Metro_Transfer_20240116_220500.mp4
vid_49,2024-01-16 22:10:00,Security Check,/videos/Security_Check_20240116_221000.mp4
vid_19,2024-01-16 22:15:00,Ticketing Hall,/videos/Ticketing_Hall_20240116_221500.mp4
vid_30,2024-01-16 22:45:00,Platform 1,/videos/Platform_1_20240116_224500.mp4
vid_50,2024-01-16 23:45:00,Waiting Hall 2,/videos/Waiting_Hall_2_20240116_234500.mp4
vid_43,2024-01-17 01:05:00,Platform 2,/videos/Platform_2_20240117_010500.mp4
vid_18,2024-01-17 02:05:00,Waiting Hall 2,/videos/Waiting_Hall_2_20240117_020500.mp4
vid_42,2024-01-17 02:30:00,Entrance B,/videos/Entrance_B_20240117_023000.mp4
vid_45,2024-01-17 03:30:00,Platform 1,/videos/Platform_1_20240117_033000.mp4
vid_40,2024-01-17 05:05:00,Waiting Hall 2,/videos/Waiting_Hall_2_20240117_050500.mp4
vid_2,2024-01-17 07:05:00,Entrance B,/videos/Entrance_B_20240117_070500.mp4
vid_14,2024-01-17 08:05:00,Metro Transfer,/videos/Metro_Transfer_20240117_080500.mp4
vid_16,2024-01-17 10:30:00,Waiting Hall 1,/videos/Waiting_Hall_1_20240117_103000.mp4
vid_45,2024-01-17 10:35:00,Metro Transfer,/videos/Metro_Transfer_20240117_103500.mp4
vid_34,2024-01-17 10:40:00,Entrance B,/videos/Entrance_B_20240117_104000.mp4
vid_43,2024-01-17 11:15:00,Platform 3,/videos/Platform_3_20240117_111500.mp4
vid_28,2024-01-17 11:45:00,Metro Transfer,/videos/Metro_Transfer_20240117_114500.mp4
vid_37,2024-01-17 13:40:00,Exit A,/videos/Exit_A_20240117_134000.mp4
vid_4,2024-01-17 16:30:00,Security Check,/videos/Security_Check_20240117_163000.mp4
vid_28,2024-01-17 16:35:00,Platform 3,/videos/Platform_3_20240117_163500.mp4
vid_32,2024-01-17 17:30:00,Security Check,/videos/Security_Check_20240117_173000.mp4
vid_17,2024-01-17 17:50:00,Metro Transfer,/videos/Metro_Transfer_20240117_175000.mp4
vid_31,2024-01-17 20:30:00,Exit A,/videos/Exit_A_20240117_203000.mp4
vid_41,2024-01-17 20:55:00,Security Check,/videos/Security_Check_20240117_205500.mp4
vid_49,2024-01-17 21:05:00,Waiting Hall 1,/videos/Waiting_Hall_1_20240117_210500.mp4
vid_46,2024-01-17 22:05:00,Entrance A,/videos/Entrance_A_20240117_220500.mp4
vid_6,2024-01-18 00:45:00,Entrance B,/videos/Entrance_B_20240118_004500.mp4
vid_4,2024-01-18 01:20:00,Security Check,/videos/Security_Check_20240118_012000.mp4
vid_1,2024-01-18 01:35:00,Platform 1,/videos/Platform_1_20240118_013500.mp4
vid_15,2024-01-18 02:30:00,Exit B,/videos/Exit_B_20240118_023000.mp4
vid_17,2024-01-18 04:50:00,Exit B,/videos/Exit_B_20240118_045000.mp4
vid_48,2024-01-18 06:00:00,Waiting Hall 2,/videos/Waiting_Hall_2_20240118_060000.mp4
vid_36,2024-01-18 08:00:00,Exit A,/videos/Exit_A_20240118_080000.mp4
vid_26,2024-01-18 09:30:00,Waiting Hall 1,/videos/Waiting_Hall_1_20240118_093000.mp4
vid_6,2024-01-18 10:35:00,Entrance A,/videos/Entrance_A_20240118_103500.mp4
vid_35,2024-01-18 10:40:00,Security Check,/videos/Security_Check_20240118_104000.mp4
vid_31,2024-01-18 11:35:00,Exit A,/videos/Exit_A_20240118_113500.mp4
vid_31,2024-01-18 13:10:00,Metro Transfer,/videos/Metro_Transfer_20240118_131000.mp4
vid_49,2024-01-18 13:20:00,Ticketing Hall,/videos/Ticketing_Hall_20240118_132000.mp4
vid_42,2024-01-18 14:25:00,Platform 2,/videos/Platform_2_20240118_142500.mp4
vid_13,2024-01-18 15:20:00,Waiting Hall 2,/videos/Waiting_Hall_2_20240118_152000.mp4
vid_19,2024-01-18 15:50:00,Metro Transfer,/videos/Metro_Transfer_20240118_155000.mp4
vid_9,2024-01-18 15:55:00,Waiting Hall 1,/videos/Waiting_Hall_1_20240118_155500.mp4
vid_14,2024-01-18 16:05:00,Platform 2,/videos/Platform_2_20240118_160500.mp4
vid_15,2024-01-18 16:35:00,Ticketing Hall,/videos/Ticketing_Hall_20240118_163500.mp4
vid_9,2024-01-18 17:05:00,Ticketing Hall,/videos/Ticketing_Hall_20240118_170500.mp4
vid_17,2024-01-18 17:10:00,Waiting Hall 1,/videos/Waiting_Hall_1_20240118_171000.mp4
vid_24,2024-01-18 20:15:00,Waiting Hall 1,/videos/Waiting_Hall_1_20240118_201500.mp4
vid_31,2024-01-18 20:55:00,Exit A,/videos/Exit_A_20240118_205500.mp4
vid_50,2024-01-18 23:30:00,Exit A,/videos/Exit_A_20240118_233000.mp4
vid_30,2024-01-19 02:25:00,Waiting Hall 1,/videos/Waiting_Hall_1_20240119_022500.mp4
vid_17,2024-01-19 03:15:00,Exit A,/videos/Exit_A_20240119_031500.mp4
vid_29,2024-01-19 04:15:00,Platform 2,/videos/Platform_2_20240119_041500.mp4
vid_22,2024-01-19 05:00:00,Security Check,/videos/Security_Check_20240119_050000.mp4
vid_11,2024-01-19 07:50:00,Entrance A,/videos/Entrance_A_20240119_075000.mp4
vid_43,2024-01-19 08:00:00,Entrance B,/videos/Entrance_B_20240119_080000.mp4
vid_34,2024-01-19 08:25:00,Exit B,/videos/Exit_B_20240119_082500.mp4
vid_12,2024-01-19 09:00:00,Platform 2,/videos/Platform_2_20240119_090000.mp4
vid_7,2024-01-19 09:30:00,Entrance B,/videos/Entrance_B_20240119_093000.mp4
vid_34,2024-01-19 10:25:00,Platform 1,/videos/Platform_1_20240119_102500.mp4
vid_28,2024-01-19 12:25:00,Platform 1,/videos/Platform_1_20240119_122500.mp4
vid_15,2024-01-19 15:00:00,Entrance A,/videos/Entrance_A_20240119_150000.mp4
vid_25,2024-01-19 15:50:00,Metro Transfer,/videos/Metro_Transfer_20240119_155000.mp4
vid_34,2024-01-19 16:05:00,Waiting Hall 2,/videos/Waiting_Hall_2_20240119_160500.mp4
vid_38,2024-01-19 16:40:00,Waiting Hall 2,/videos/Waiting_Hall_2_20240119_164000.mp4
vid_46,2024-01-19 17:20:00,Platform 3,/videos/Platform_3_20240119_172000.mp4
vid_32,2024-01-19 19:40:00,Exit B,/videos/Exit_B_20240119_194000.mp4
vid_33,2024-01-19 19:50:00,Exit B,/videos/Exit_B_20240119_195000.mp4
vid_12,2024-01-19 22:10:00,Platform 1,/videos/Platform_1_20240119_221000.mp4
vid_49,2024-01-19 22:30:00,Entrance A,/videos/Entrance_A_20240119_223000.mp4
vid_43,2024-01-19 23:45:00,Metro Transfer,/videos/Metro_Transfer_20240119_234500.mp4
vid_30,2024-01-20 01:55:00,Platform 1,/videos/Platform_1_20240120_015500.mp4
vid_45,2024-01-20 02:25:00,Platform 2,/videos/Platform_2_20240120_022500.mp4
vid_45,2024-01-20 02:30:00,Security Check,/videos/Security_Check_20240120_023000.mp4
vid_50,2024-01-20 02:45:00,Ticketing Hall,/videos/Ticketing_Hall_20240120_024500.mp4
vid_16,2024-01-20 02:55:00,Exit B,/videos/Exit_B_20240120_025500.mp4
vid_43,2024-01-20 03:35:00,Platform 2,/videos/Platform_2_20240120_033500.mp4
vid_39,2024-01-20 04:15:00,Exit B,/videos/Exit_B_20240120_041500.mp4
vid_29,2024-01-20 06:25:00,Platform 1,/videos/Platform_1_20240120_062500.mp4
vid_4,2024-01-20 06:50:00,Exit A,/videos/Exit_A_20240120_065000.mp4
vid_37,2024-01-20 08:20:00,Platform 3,/videos/Platform_3_20240120_082000.mp4
vid_47,2024-01-20 08:50:00,Metro Transfer,/videos/Metro_Transfer_20240120_085000.mp4
vid_44,2024-01-20 08:55:00,Waiting Hall 2,/videos/Waiting_Hall_2_20240120_085500.mp4
vid_12,2024-01-20 09:45:00,Ticketing Hall,/videos/Ticketing_Hall_20240120_094500.mp4
vid_22,2024-01-20 09:50:00,Exit B,/videos/Exit_B_20240120_095000.mp4
vid_9,2024-01-20 11:25:00,Waiting Hall 2,/videos/Waiting_Hall_2_20240120_112500.mp4
vid_41,2024-01-20 11:35:00,Security Check,/videos/Security_Check_20240120_113500.mp4
vid_10,2024-01-20 12:00:00,Entrance A,/videos/Entrance_A_20240120_120000.mp4
vid_20,2024-01-20 13:55:00,Platform 2,/videos/Platform_2_20240120_135500.mp4
vid_6,2024-01-20 14:05:00,Platform 3,/videos/Platform_3_20240120_140500.mp4
vid_46,2024-01-20 14:35:00,Platform 3,/videos/Platform_3_20240120_143500.mp4
vid_46,2024-01-20 15:05:00,Security Check,/videos/Security_Check_20240120_150500.mp4
vid_31,2024-01-20 15:25:00,Security Check,/videos/Security_Check_20240120_152500.mp4
vid_19,2024-01-20 15:30:00,Ticketing Hall,/videos/Ticketing_Hall_20240120_153000.mp4
vid_48,2024-01-20 17:05:00,Platform 3,/videos/Platform_3_20240120_170500.mp4
vid_42,2024-01-20 17:20:00,Exit A,/videos/Exit_A_20240120_172000.mp4
vid_34,2024-01-20 17:35:00,Exit A,/videos/Exit_A_20240120_173500.mp4
vid_5,2024-01-20 17:55:00,Security Check,/videos/Security_Check_20240120_175500.mp4
vid_49,2024-01-20 18:50:00,Exit B,/videos/Exit_B_20240120_185000.mp4
vid_34,2024-01-20 20:05:00,Ticketing Hall,/videos/Ticketing_Hall_20240120_200500.mp4
vid_14,2024-01-20 20:15:00,Platform 3,/videos/Platform_3_20240120_201500.mp4
vid_27,2024-01-20 21:05:00,Metro Transfer,/videos/Metro_Transfer_20240120_210500.mp4
vid_6,2024-01-20 21:10:00,Metro Transfer,/videos/Metro_Transfer_20240120_211000.mp4
vid_37,2024-01-20 21:35:00,Waiting Hall 2,/videos/Waiting_Hall_2_20240120_213500.mp4
vid_40,2024-01-20 23:40:00,Platform 2,/videos/Platform_2_20240120_234000.mp4
vid_19,2024-01-21 00:05:00,Metro Transfer,/videos/Metro_Transfer_20240121_000500.mp4
vid_21,2024-01-21 00:30:00,Security Check,/videos/Security_Check_20240121_003000.mp4
vid_9,2024-01-21 01:05:00,Ticketing Hall,/videos/Ticketing_Hall_20240121_010500.mp4
vid_5,2024-01-21 01:40:00,Metro Transfer,/videos/Metro_Transfer_20240121_014000.mp4
vid_46,2024-01-21 03:20:00,Entrance B,/videos/Entrance_B_20240121_032000.mp4
vid_22,2024-01-21 04:00:00,Exit B,/videos/Exit_B_20240121_040000.mp4
vid_29,2024-01-21 05:05:00,Metro Transfer,/videos/Metro_Transfer_20240121_050500.mp4
vid_15,2024-01-21 05:45:00,Waiting Hall 1,/videos/Waiting_Hall_1_20240121_054500.mp4
vid_22,2024-01-21 07:05:00,Security Check,/videos/Security_Check_20240121_070500.mp4
vid_4,2024-01-21 07:45:00,Security Check,/videos/Security_Check_20240121_074500.mp4
vid_40,2024-01-21 09:10:00,Entrance B,/videos/Entrance_B_20240121_091000.mp4
vid_30,2024-01-21 10:40:00,Platform 1,/videos/Platform_1_20240121_104000.mp4
vid_32,2024-01-21 10:55:00,Waiting Hall 2,/videos/Waiting_Hall_2_20240121_105500.mp4
vid_37,2024-01-21 11:35:00,Exit A,/videos/Exit_A_20240121_113500.mp4
vid_9,2024-01-21 12:40:00,Platform 3,/videos/Platform_3_20240121_124000.mp4
vid_44,2024-01-21 12:45:00,Platform 3,/videos/Platform_3_20240121_124500.mp4
vid_33,2024-01-21 13:40:00,Waiting Hall 2,/videos/Waiting_Hall_2_20240121_134000.mp4
vid_25,2024-01-21 14:05:00,Ticketing Hall,/videos/Ticketing_Hall_20240121_140500.mp4
vid_19,2024-01-21 14:20:00,Platform 2,/videos/Platform_2_20240121_142000.mp4
vid_40,2024-01-21 14:30:00,Ticketing Hall,/videos/Ticketing_Hall_20240121_143000.mp4
vid_44,2024-01-21 15:00:00,Exit A,/videos/Exit_A_20240121_150000.mp4
vid_37,2024-01-21 15:10:00,Exit A,/videos/Exit_A_20240121_151000.mp4
vid_46,2024-01-21 16:40:00,Entrance B,/videos/Entrance_B_20240121_164000.mp4
vid_36,2024-01-21 16:45:00,Exit A,/videos/Exit_A_20240121_164500.mp4
vid_41,2024-01-21 16:50:00,Security Check,/videos/Security_Check_20240121_165000.mp4
vid_9,2024-01-21 17:05:00,Waiting Hall 1,/videos/Waiting_Hall_1_20240121_170500.mp4
vid_3,2024-01-21 18:05:00,Entrance A,/videos/Entrance_A_20240121_180500.mp4
vid_46,2024-01-21 18:20:00,Exit B,/videos/Exit_B_20240121_182000.mp4
vid_8,2024-01-21 18:50:00,Security Check,/videos/Security_Check_20240121_185000.mp4
vid_2,2024-01-21 19:15:00,Entrance A,/videos/Entrance_A_20240121_191500.mp4
vid_48,2024-01-21 19:40:00,Entrance B,/videos/Entrance_B_20240121_194000.mp4
vid_12,2024-01-21 20:00:00,Platform 1,/videos/Platform_1_20240121_200000.mp4
vid_27,2024-01-21 20:25:00,Exit B,/videos/Exit_B_20240121_202500.mp4
vid_27,2024-01-21 22:40:00,Security Check,/videos/Security_Check_20240121_224000.mp4
vid_4,2024-01-21 22:45:00,Ticketing Hall,/videos/Ticketing_Hall_20240121_224500.mp4
vid_12,2024-01-21 23:05:00,Platform 3,/videos/Platform_3_20240121_230500.mp4
vid_6,2024-01-21 23:40:00,Platform 2,/videos/Platform_2_20240121_234000.mp4
vid_32,2024-01-21 23:45:00,Platform 2,/videos/Platform_2_20240121_234500.mp4
vid_38,2024-01-22 00:35:00,Platform 2,/videos/Platform_2_20240122_003500.mp4
vid_7,2024-01-22 02:00:00,Platform 2,/videos/Platform_2_20240122_020000.mp4
vid_38,2024-01-22 03:05:00,Platform 1,/videos/Platform_1_20240122_030500.mp4
vid_37,2024-01-22 04:45:00,Entrance A,/videos/Entrance_A_20240122_044500.mp4
vid_26,2024-01-22 05:15:00,Metro Transfer,/videos/Metro_Transfer_20240122_051500.mp4
vid_7,2024-01-22 06:10:00,Exit A,/videos/Exit_A_20240122_061000.mp4
vid_45,2024-01-22 07:30:00,Security Check,/videos/Security_Check_20240122_073000.mp4
vid_1,2024-01-22 08:20:00,Security Check,/videos/Security_Check_20240122_082000.mp4
vid_33,2024-01-22 10:30:00,Security Check,/videos/Security_Check_20240122_103000.mp4
vid_1,2024-01-22 11:00:00,Entrance A,/videos/Entrance_A_20240122_110000.mp4
vid_17,2024-01-22 13:35:00,Metro Transfer,/videos/Metro_Transfer_20240122_133500.mp4
vid_23,2024-01-22 16:55:00,Security Check,/videos/Security_Check_20240122_165500.mp4
vid_45,2024-01-22 17:40:00,Exit B,/videos/Exit_B_20240122_174000.mp4
vid_12,2024-01-22 19:05:00,Exit A,/videos/Exit_A_20240122_190500.mp4
vid_11,2024-01-22 22:00:00,Platform 1,/videos/Platform_1_20240122_220000.mp4
vid_12,2024-01-22 22:15:00,Security Check,/videos/Security_Check_20240122_221500.mp4
vid_44,2024-01-22 22:45:00,Exit A,/videos/Exit_A_20240122_224500.mp4
vid_19,2024-01-23 01:55:00,Security Check,/videos/Security_Check_20240123_015500.mp4
vid_45,2024-01-23 02:10:00,Metro Transfer,/videos/Metro_Transfer_20240123_021000.mp4
vid_26,2024-01-23 03:05:00,Ticketing Hall,/videos/Ticketing_Hall_20240123_030500.mp4
vid_23,2024-01-23 04:10:00,Platform 3,/videos/Platform_3_20240123_041000.mp4
vid_43,2024-01-23 04:15:00,Metro Transfer,/videos/Metro_Transfer_20240123_041500.mp4
vid_40,2024-01-23 04:20:00,Waiting Hall 1,/videos/Waiting_Hall_1_20240123_042000.mp4
vid_34,2024-01-23 05:00:00,Platform 1,/videos/Platform_1_20240123_050000.mp4
vid_3,2024-01-23 05:05:00,Waiting Hall 2,/videos/Waiting_Hall_2_20240123_050500.mp4
vid_8,2024-01-23 05:10:00,Platform 2,/videos/Platform_2_20240123_051000.mp4
vid_8,2024-01-23 05:20:00,Exit A,/videos/Exit_A_20240123_052000.mp4
vid_30,2024-01-23 08:35:00,Ticketing Hall,/videos/Ticketing_Hall_20240123_083500.mp4
vid_48,2024-01-23 09:05:00,Waiting Hall 1,/videos/Waiting_Hall_1_20240123_090500.mp4
vid_5,2024-01-23 11:05:00,Platform 2,/videos/Platform_2_20240123_110500.mp4
vid_42,2024-01-23 11:45:00,Waiting Hall 1,/videos/Waiting_Hall_1_20240123_114500.mp4
vid_17,2024-01-23 13:05:00,Waiting Hall 2,/videos/Waiting_Hall_2_20240123_130500.mp4
vid_49,2024-01-23 13:40:00,Waiting Hall 2,/videos/Waiting_Hall_2_20240123_134000.mp4
vid_21,2024-01-23 15:05:00,Waiting Hall 2,/videos/Waiting_Hall_2_20240123_150500.mp4
vid_28,2024-01-23 15:30:00,Waiting Hall 2,/videos/Waiting_Hall_2_20240123_153000.mp4
vid_24,2024-01-23 19:15:00,Exit A,/videos/Exit_A_20240123_191500.mp4
vid_29,2024-01-23 19:25:00,Security Check,/videos/Security_Check_20240123_192500.mp4
vid_31,2024-01-23 20:35:00,Security Check,/videos/Security_Check_20240123_203500.mp4
vid_29,2024-01-23 21:00:00,Exit A,/videos/Exit_A_20240123_210000.mp4
vid_17,2024-01-23 21:05:00,Waiting Hall 2,/videos/Waiting_Hall_2_20240123_210500.mp4
vid_9,2024-01-23 21:20:00,Metro Transfer,/videos/Metro_Transfer_20240123_212000.mp4
vid_50,2024-01-23 21:50:00,Platform 3,/videos/Platform_3_20240123_215000.mp4
vid_35,2024-01-23 22:35:00,Platform 2,/videos/Platform_2_20240123_223500.mp4
vid_21,2024-01-23 22:45:00,Exit A,/videos/Exit_A_20240123_224500.mp4
vid_14,2024-01-23 23:05:00,Entrance A,/videos/Entrance_A_20240123_230500.mp4
vid_5,2024-01-24 01:00:00,Security Check,/videos/Security_Check_20240124_010000.mp4
vid_20,2024-01-24 02:10:00,Entrance A,/videos/Entrance_A_20240124_021000.mp4
vid_42,2024-01-24 02:45:00,Metro Transfer,/videos/Metro_Transfer_20240124_024500.mp4
vid_29,2024-01-24 03:05:00,Ticketing Hall,/videos/Ticketing_Hall_20240124_030500.mp4
vid_6,2024-01-24 04:40:00,Ticketing Hall,/videos/Ticketing_Hall_20240124_044000.mp4
vid_1,2024-01-24 06:50:00,Platform 1,/videos/Platform_1_20240124_065000.mp4
vid_31,2024-01-24 07:35:00,Exit A,/videos/Exit_A_20240124_073500.mp4
vid_41,2024-01-24 07:50:00,Entrance B,/videos/Entrance_B_20240124_075000.mp4
vid_41,2024-01-24 08:05:00,Security Check,/videos/Security_Check_20240124_080500.mp4
vid_33,2024-01-24 08:50:00,Waiting Hall 1,/videos/Waiting_Hall_1_20240124_085000.mp4
vid_27,2024-01-24 08:55:00,Entrance A,/videos/Entrance_A_20240124_085500.mp4
vid_43,2024-01-24 09:25:00,Entrance B,/videos/Entrance_B_20240124_092500.mp4
vid_39,2024-01-24 09:45:00,Ticketing Hall,/videos/Ticketing_Hall_20240124_094500.mp4
vid_31,2024-01-24 10:10:00,Entrance A,/videos/Entrance_A_20240124_101000.mp4
vid_26,2024-01-24 11:10:00,Platform 1,/videos/Platform_1_20240124_111000.mp4
vid_46,2024-01-24 12:00:00,Platform 3,/videos/Platform_3_20240124_120000.mp4
vid_39,2024-01-24 12:25:00,Platform 3,/videos/Platform_3_20240124_122500.mp4
vid_43,2024-01-24 13:00:00,Exit A,/videos/Exit_A_20240124_130000.mp4
vid_31,2024-01-24 13:30:00,Platform 1,/videos/Platform_1_20240124_133000.mp4
vid_48,2024-01-24 13:35:00,Waiting Hall 1,/videos/Waiting_Hall_1_20240124_133500.mp4
vid_30,2024-01-24 13:55:00,Entrance B,/videos/Entrance_B_20240124_135500.mp4
vid_49,2024-01-24 14:20:00,Entrance B,/videos/Entrance_B_20240124_142000.mp4
vid_19,2024-01-24 14:55:00,Waiting Hall 1,/videos/Waiting_Hall_1_20240124_145500.mp4
vid_24,2024-01-24 15:40:00,Waiting Hall 2,/videos/Waiting_Hall_2_20240124_154000.mp4
vid_28,2024-01-24 16:10:00,Platform 3,/videos/Platform_3_20240124_161000.mp4
vid_43,2024-01-24 16:15:00,Exit B,/videos/Exit_B_20240124_161500.mp4
vid_48,2024-01-24 16:40:00,Waiting Hall 2,/videos/Waiting_Hall_2_20240124_164000.mp4
vid_14,2024-01-24 16:55:00,Entrance A,/videos/Entrance_A_20240124_165500.mp4
vid_23,2024-01-24 17:55:00,Waiting Hall 1,/videos/Waiting_Hall_1_20240124_175500.mp4
vid_25,2024-01-24 18:00:00,Waiting Hall 2,/videos/Waiting_Hall_2_20240124_180000.mp4
vid_24,2024-01-24 18:40:00,Ticketing Hall,/videos/Ticketing_Hall_20240124_184000.mp4
vid_10,2024-01-24 19:10:00,Metro Transfer,/videos/Metro_Transfer_20240124_191000.mp4
vid_21,2024-01-24 19:45:00,Platform 2,/videos/Platform_2_20240124_194500.mp4
vid_29,2024-01-24 20:05:00,Exit B,/videos/Exit_B_20240124_200500.mp4
vid_48,2024-01-24 20:50:00,Metro Transfer,/videos/Metro_Transfer_20240124_205000.mp4
vid_32,2024-01-24 23:20:00,Platform 3,/videos/Platform_3_20240124_232000.mp4
vid_21,2024-01-24 23:30:00,Waiting Hall 2,/videos/Waiting_Hall_2_20240124_233000.mp4
vid_1,2024-01-24 23:55:00,Metro Transfer,/videos/Metro_Transfer_20240124_235500.mp4
vid_36,2024-01-25 00:20:00,Exit A,/videos/Exit_A_20240125_002000.mp4
vid_48,2024-01-25 01:00:00,Entrance B,/videos/Entrance_B_20240125_010000.mp4
vid_43,2024-01-25 01:40:00,Entrance A,/videos/Entrance_A_20240125_014000.mp4
vid_12,2024-01-25 02:05:00,Exit A,/videos/Exit_A_20240125_020500.mp4
vid_45,2024-01-25 02:35:00,Exit B,/videos/Exit_B_20240125_023500.mp4
vid_42,2024-01-25 02:45:00,Waiting Hall 2,/videos/Waiting_Hall_2_20240125_024500.mp4
vid_20,2024-01-25 03:35:00,Ticketing Hall,/videos/Ticketing_Hall_20240125_033500.mp4
vid_25,2024-01-25 04:00:00,Exit A,/videos/Exit_A_20240125_040000.mp4
vid_47,2024-01-25 04:45:00,Platform 1,/videos/Platform_1_20240125_044500.mp4
vid_48,2024-01-25 05:00:00,Platform 3,/videos/Platform_3_20240125_050000.mp4
vid_5,2024-01-25 06:20:00,Security Check,/videos/Security_Check_20240125_062000.mp4
vid_44,2024-01-25 07:30:00,Waiting Hall 1,/videos/Waiting_Hall_1_20240125_073000.mp4
vid_6,2024-01-25 07:35:00,Platform 3,/videos/Platform_3_20240125_073500.mp4
vid_40,2024-01-25 08:05:00,Platform 1,/videos/Platform_1_20240125_080500.mp4
vid_41,2024-01-25 09:15:00,Metro Transfer,/videos/Metro_Transfer_20240125_091500.mp4
vid_14,2024-01-25 10:05:00,Ticketing Hall,/videos/Ticketing_Hall_20240125_100500.mp4
vid_26,2024-01-25 10:40:00,Security Check,/videos/Security_Check_20240125_104000.mp4
vid_16,2024-01-25 10:55:00,Security Check,/videos/Security_Check_20240125_105500.mp4
vid_50,2024-01-25 13:35:00,Entrance B,/videos/Entrance_B_20240125_133500.mp4
vid_26,2024-01-25 14:05:00,Ticketing Hall,/videos/Ticketing_Hall_20240125_140500.mp4
vid_29,2024-01-25 14:30:00,Waiting Hall 1,/videos/Waiting_Hall_1_20240125_143000.mp4
vid_26,2024-01-25 15:25:00,Platform 2,/videos/Platform_2_20240125_152500.mp4
vid_20,2024-01-25 15:40:00,Metro Transfer,/videos/Metro_Transfer_20240125_154000.mp4
vid_15,2024-01-25 16:50:00,Platform 1,/videos/Platform_1_20240125_165000.mp4
vid_49,2024-01-25 16:55:00,Ticketing Hall,/videos/Ticketing_Hall_20240125_165500.mp4
vid_38,2024-01-25 17:50:00,Entrance A,/videos/Entrance_A_20240125_175000.mp4
vid_5,2024-01-25 18:05:00,Platform 2,/videos/Platform_2_20240125_180500.mp4
vid_39,2024-01-25 19:00:00,Security Check,/videos/Security_Check_20240125_190000.mp4
vid_26,2024-01-25 19:50:00,Platform 2,/videos/Platform_2_20240125_195000.mp4
vid_14,2024-01-25 20:25:00,Platform 3,/videos/Platform_3_20240125_202500.mp4
vid_4,2024-01-25 20:40:00,Entrance A,/videos/Entrance_A_20240125_204000.mp4
vid_26,2024-01-25 23:15:00,Security Check,/videos/Security_Check_20240125_231500.mp4
vid_25,2024-01-26 00:25:00,Waiting Hall 2,/videos/Waiting_Hall_2_20240126_002500.mp4
vid_46,2024-01-26 02:15:00,Waiting Hall 1,/videos/Waiting_Hall_1_20240126_021500.mp4
vid_4,2024-01-26 02:40:00,Entrance B,/videos/Entrance_B_20240126_024000.mp4
vid_44,2024-01-26 03:05:00,Platform 2,/videos/Platform_2_20240126_030500.mp4
vid_25,2024-01-26 03:50:00,Entrance B,/videos/Entrance_B_20240126_035000.mp4
vid_4,2024-01-26 04:15:00,Platform 1,/videos/Platform_1_20240126_041500.mp4
vid_33,2024-01-26 04:55:00,Exit A,/videos/Exit_A_20240126_045500.mp4
vid_48,2024-01-26 06:00:00,Exit A,/videos/Exit_A_20240126_060000.mp4
vid_42,2024-01-26 06:50:00,Metro Transfer,/videos/Metro_Transfer_20240126_065000.mp4
vid_20,2024-01-26 07:20:00,Entrance A,/videos/Entrance_A_20240126_072000.mp4
vid_7,2024-01-26 09:20:00,Exit B,/videos/Exit_B_20240126_092000.mp4
vid_14,2024-01-26 09:30:00,Entrance B,/videos/Entrance_B_20240126_093000.mp4
vid_42,2024-01-26 10:00:00,Metro Transfer,/videos/Metro_Transfer_20240126_100000.mp4
vid_49,2024-01-26 10:15:00,Platform 2,/videos/Platform_2_20240126_101500.mp4
vid_45,2024-01-26 11:10:00,Waiting Hall 2,/videos/Waiting_Hall_2_20240126_111000.mp4
vid_31,2024-01-26 11:25:00,Metro Transfer,/videos/Metro_Transfer_20240126_112500.mp4
vid_41,2024-01-26 11:30:00,Metro Transfer,/videos/Metro_Transfer_20240126_113000.mp4
vid_41,2024-01-26 11:35:00,Security Check,/videos/Security_Check_20240126_113500.mp4
vid_39,2024-01-26 13:25:00,Waiting Hall 2,/videos/Waiting_Hall_2_20240126_132500.mp4
vid_24,2024-01-26 13:45:00,Platform 3,/videos/Platform_3_20240126_134500.mp4
vid_31,2024-01-26 14:20:00,Waiting Hall 1,/videos/Waiting_Hall_1_20240126_142000.mp4
vid_11,2024-01-26 16:05:00,Security Check,/videos/Security_Check_20240126_160500.mp4
vid_21,2024-01-26 17:50:00,Ticketing Hall,/videos/Ticketing_Hall_20240126_175000.mp4
vid_48,2024-01-26 18:25:00,Ticketing Hall,/videos/Ticketing_Hall_20240126_182500.mp4
vid_26,2024-01-26 18:40:00,Exit B,/videos/Exit_B_20240126_184000.mp4
vid_30,2024-01-26 19:20:00,Exit A,/videos/Exit_A_20240126_192000.mp4
vid_45,2024-01-26 19:30:00,Exit A,/videos/Exit_A_20240126_193000.mp4
vid_22,2024-01-26 19:45:00,Entrance A,/videos/Entrance_A_20240126_194500.mp4
vid_20,2024-01-26 20:20:00,Platform 2,/videos/Platform_2_20240126_202000.mp4
vid_38,2024-01-26 20:35:00,Exit B,/videos/Exit_B_20240126_203500.mp4
vid_46,2024-01-26 21:45:00,Ticketing Hall,/videos/Ticketing_Hall_20240126_214500.mp4
vid_31,2024-01-26 22:00:00,Entrance A,/videos/Entrance_A_20240126_220000.mp4
vid_12,2024-01-26 23:40:00,Entrance B,/videos/Entrance_B_20240126_234000.mp4
vid_38,2024-01-27 00:20:00,Metro Transfer,/videos/Metro_Transfer_20240127_002000.mp4
vid_25,2024-01-27 00:55:00,Ticketing Hall,/videos/Ticketing_Hall_20240127_005500.mp4
vid_49,2024-01-27 01:00:00,Ticketing Hall,/videos/Ticketing_Hall_20240127_010000.mp4
vid_7,2024-01-27 01:20:00,Ticketing Hall,/videos/Ticketing_Hall_20240127_012000.mp4
vid_19,2024-01-27 04:25:00,Platform 2,/videos/Platform_2_20240127_042500.mp4
vid_36,2024-01-27 04:40:00,Metro Transfer,/videos/Metro_Transfer_20240127_044000.mp4
vid_31,2024-01-27 07:05:00,Waiting Hall 1,/videos/Waiting_Hall_1_20240127_070500.mp4
vid_4,2024-01-27 09:35:00,Entrance A,/videos/Entrance_A_20240127_093500.mp4
vid_9,2024-01-27 10:45:00,Security Check,/videos/Security_Check_20240127_104500.mp4
vid_16,2024-01-27 11:50:00,Ticketing Hall,/videos/Ticketing_Hall_20240127_115000.mp4
vid_50,2024-01-27 13:35:00,Waiting Hall 2,/videos/Waiting_Hall_2_20240127_133500.mp4
vid_7,2024-01-27 15:25:00,Metro Transfer,/videos/Metro_Transfer_20240127_152500.mp4
vid_9,2024-01-27 15:45:00,Waiting Hall 2,/videos/Waiting_Hall_2_20240127_154500.mp4
vid_33,2024-01-27 16:30:00,Platform 3,/videos/Platform_3_20240127_163000.mp4
vid_13,2024-01-27 16:45:00,Ticketing Hall,/videos/Ticketing_Hall_20240127_164500.mp4
vid_17,2024-01-27 17:25:00,Exit A,/videos/Exit_A_20240127_172500.mp4
vid_2,2024-01-27 17:40:00,Platform 3,/videos/Platform_3_20240127_174000.mp4
vid_5,2024-01-27 17:50:00,Waiting Hall 1,/videos/Waiting_Hall_1_20240127_175000.mp4
vid_28,2024-01-27 18:30:00,Waiting Hall 2,/videos/Waiting_Hall_2_20240127_183000.mp4
vid_35,2024-01-27 18:50:00,Exit B,/videos/Exit_B_20240127_185000.mp4
vid_5,2024-01-27 18:55:00,Platform 1,/videos/Platform_1_20240127_185500.mp4
vid_32,2024-01-27 21:40:00,Platform 2,/videos/Platform_2_20240127_214000.mp4
vid_6,2024-01-27 22:10:00,Exit A,/videos/Exit_A_20240127_221000.mp4
vid_9,2024-01-27 23:00:00,Metro Transfer,/videos/Metro_Transfer_20240127_230000.mp4
vid_39,2024-01-27 23:25:00,Metro Transfer,/videos/Metro_Transfer_20240127_232500.mp4
vid_34,2024-01-28 00:15:00,Entrance B,/videos/Entrance_B_20240128_001500.mp4
vid_12,2024-01-28 01:00:00,Platform 1,/videos/Platform_1_20240128_010000.mp4
vid_41,2024-01-28 02:10:00,Metro Transfer,/videos/Metro_Transfer_20240128_021000.mp4
vid_24,2024-01-28 03:05:00,Security Check,/videos/Security_Check_20240128_030500.mp4
vid_47,2024-01-28 03:40:00,Entrance B,/videos/Entrance_B_20240128_034000.mp4
vid_23,2024-01-28 04:10:00,Ticketing Hall,/videos/Ticketing_Hall_20240128_041000.mp4
vid_49,2024-01-28 04:35:00,Platform 3,/videos/Platform_3_20240128_043500.mp4
vid_31,2024-01-28 09:40:00,Entrance B,/videos/Entrance_B_20240128_094000.mp4
vid_43,2024-01-28 10:55:00,Platform 3,/videos/Platform_3_20240128_105500.mp4
vid_22,2024-01-28 11:35:00,Platform 2,/videos/Platform_2_20240128_113500.mp4
vid_39,2024-01-28 12:50:00,Exit B,/videos/Exit_B_20240128_125000.mp4
vid_10,2024-01-28 14:55:00,Waiting Hall 1,/videos/Waiting_Hall_1_20240128_145500.mp4
vid_45,2024-01-28 15:35:00,Waiting Hall 2,/videos/Waiting_Hall_2_20240128_153500.mp4
vid_24,2024-01-28 16:00:00,Platform 2,/videos/Platform_2_20240128_160000.mp4
vid_45,2024-01-28 16:50:00,Waiting Hall 1,/videos/Waiting_Hall_1_20240128_165000.mp4
vid_21,2024-01-28 17:35:00,Exit B,/videos/Exit_B_20240128_173500.mp4
vid_32,2024-01-28 18:00:00,Exit B,/videos/Exit_B_20240128_180000.mp4
vid_2,2024-01-28 18:10:00,Security Check,/videos/Security_Check_20240128_181000.mp4
vid_13,2024-01-28 20:20:00,Platform 3,/videos/Platform_3_20240128_202000.mp4
vid_43,2024-01-28 20:45:00,Entrance A,/videos/Entrance_A_20240128_204500.mp4
vid_50,2024-01-28 22:35:00,Waiting Hall 1,/videos/Waiting_Hall_1_20240128_223500.mp4
vid_36,2024-01-28 23:15:00,Waiting Hall 1,/videos/Waiting_Hall_1_20240128_231500.mp4
vid_12,2024-01-29 00:15:00,Metro Transfer,/videos/Metro_Transfer_20240129_001500.mp4
vid_15,2024-01-29 02:35:00,Ticketing Hall,/videos/Ticketing_Hall_20240129_023500.mp4
vid_23,2024-01-29 04:30:00,Waiting Hall 2,/videos/Waiting_Hall_2_20240129_043000.mp4
vid_35,2024-01-29 04:50:00,Waiting Hall 1,/videos/Waiting_Hall_1_20240129_045000.mp4
vid_34,2024-01-29 04:55:00,Exit A,/videos/Exit_A_20240129_045500.mp4
vid_32,2024-01-29 05:50:00,Ticketing Hall,/videos/Ticketing_Hall_20240129_055000.mp4
vid_24,2024-01-29 06:35:00,Entrance B,/videos/Entrance_B_20240129_063500.mp4
vid_13,2024-01-29 08:15:00,Metro Transfer,/videos/Metro_Transfer_20240129_081500.mp4
vid_39,2024-01-29 08:45:00,Platform 2,/videos/Platform_2_20240129_084500.mp4
vid_27,2024-01-29 08:55:00,Security Check,/videos/Security_Check_20240129_085500.mp4
vid_32,2024-01-29 09:00:00,Platform 1,/videos/Platform_1_20240129_090000.mp4
vid_27,2024-01-29 09:35:00,Waiting Hall 1,/videos/Waiting_Hall_1_20240129_093500.mp4
vid_43,2024-01-29 12:05:00,Exit B,/videos/Exit_B_20240129_120500.mp4
vid_48,2024-01-29 13:50:00,Platform 1,/videos/Platform_1_20240129_135000.mp4
vid_18,2024-01-29 18:10:00,Exit A,/videos/Exit_A_20240129_181000.mp4
vid_18,2024-01-29 19:30:00,Platform 3,/videos/Platform_3_20240129_193000.mp4
vid_24,2024-01-29 20:15:00,Security Check,/videos/Security_Check_20240129_201500.mp4
vid_3,2024-01-29 20:35:00,Platform 2,/videos/Platform_2_20240129_203500.mp4
vid_44,2024-01-29 21:55:00,Exit A,/videos/Exit_A_20240129_215500.mp4
vid_34,2024-01-29 22:05:00,Waiting Hall 1,/videos/Waiting_Hall_1_20240129_220500.mp4
vid_7,2024-01-29 22:10:00,Waiting Hall 2,/videos/Waiting_Hall_2_20240129_221000.mp4
vid_8,2024-01-30 00:15:00,Entrance A,/videos/Entrance_A_20240130_001500.mp4
vid_23,2024-01-30 00:40:00,Exit B,/videos/Exit_B_20240130_004000.mp4
vid_44,2024-01-30 00:55:00,Metro Transfer,/videos/Metro_Transfer_20240130_005500.mp4
vid_34,2024-01-30 01:05:00,Entrance A,/videos/Entrance_A_20240130_010500.mp4
vid_4,2024-01-30 02:15:00,Exit B,/videos/Exit_B_20240130_021500.mp4
vid_31,2024-01-30 02:40:00,Exit B,/videos/Exit_B_20240130_024000.mp4
vid_26,2024-01-30 02:50:00,Platform 2,/videos/Platform_2_20240130_025000.mp4
vid_20,2024-01-30 03:55:00,Metro Transfer,/videos/Metro_Transfer_20240130_035500.mp4
vid_49,2024-01-30 04:30:00,Platform 2,/videos/Platform_2_20240130_043000.mp4
vid_48,2024-01-30 07:00:00,Entrance A,/videos/Entrance_A_20240130_070000.mp4
vid_22,2024-01-30 07:50:00,Security Check,/videos/Security_Check_20240130_075000.mp4
vid_8,2024-01-30 09:10:00,Exit B,/videos/Exit_B_20240130_091000.mp4
vid_1,2024-01-30 10:05:00,Security Check,/videos/Security_Check_20240130_100500.mp4
vid_34,2024-01-30 10:10:00,Platform 2,/videos/Platform_2_20240130_101000.mp4
vid_7,2024-01-30 10:20:00,Entrance A,/videos/Entrance_A_20240130_102000.mp4
vid_36,2024-01-30 11:20:00,Entrance A,/videos/Entrance_A_20240130_112000.mp4
vid_36,2024-01-30 12:30:00,Security Check,/videos/Security_Check_20240130_123000.mp4
vid_27,2024-01-30 13:05:00,Security Check,/videos/Security_Check_20240130_130500.mp4
vid_39,2024-01-30 13:45:00,Exit A,/videos/Exit_A_20240130_134500.mp4
vid_17,2024-01-30 14:10:00,Exit A,/videos/Exit_A_20240130_141000.mp4
vid_32,2024-01-30 16:20:00,Platform 1,/videos/Platform_1_20240130_162000.mp4
vid_6,2024-01-30 17:30:00,Platform 3,/videos/Platform_3_20240130_173000.mp4
vid_14,2024-01-30 18:05:00,Ticketing Hall,/videos/Ticketing_Hall_20240130_180500.mp4
vid_35,2024-01-30 18:25:00,Exit A,/videos/Exit_A_20240130_182500.mp4
vid_36,2024-01-30 19:15:00,Metro Transfer,/videos/Metro_Transfer_20240130_191500.mp4
vid_25,2024-01-30 19:20:00,Platform 3,/videos/Platform_3_20240130_192000.mp4
vid_25,2024-01-30 20:00:00,Waiting Hall 2,/videos/Waiting_Hall_2_20240130_200000.mp4
vid_19,2024-01-30 20:15:00,Security Check,/videos/Security_Check_20240130_201500.mp4
vid_49,2024-01-30 20:45:00,Platform 3,/videos/Platform_3_20240130_204500.mp4
vid_16,2024-01-30 21:00:00,Platform 2,/videos/Platform_2_20240130_210000.mp4
vid_15,2024-01-30 21:05:00,Waiting Hall 2,/videos/Waiting_Hall_2_20240130_210500.mp4
vid_29,2024-01-30 21:30:00,Platform 1,/videos/Platform_1_20240130_213000.mp4
vid_18,2024-01-30 21:55:00,Exit A,/videos/Exit_A_20240130_215500.mp4
vid_37,2024-01-30 22:55:00,Metro Transfer,/videos/Metro_Transfer_20240130_225500.mp4
vid_15,2024-01-30 23:25:00,Platform 3,/videos/Platform_3_20240130_232500.mp4
vid_31,2024-01-30 23:40:00,Waiting Hall 2,/videos/Waiting_Hall_2_20240130_234000.mp4
vid_10,2024-01-31 01:25:00,Ticketing Hall,/videos/Ticketing_Hall_20240131_012500.mp4
vid_45,2024-01-31 01:55:00,Waiting Hall 1,/videos/Waiting_Hall_1_20240131_015500.mp4
vid_11,2024-01-31 02:50:00,Platform 3,/videos/Platform_3_20240131_025000.mp4
vid_8,2024-01-31 05:35:00,Exit B,/videos/Exit_B_20240131_053500.mp4
vid_5,2024-01-31 06:10:00,Ticketing Hall,/videos/Ticketing_Hall_20240131_061000.mp4
vid_1,2024-01-31 07:15:00,Platform 2,/videos/Platform_2_20240131_071500.mp4
vid_14,2024-01-31 07:50:00,Waiting Hall 1,/videos/Waiting_Hall_1_20240131_075000.mp4
vid_19,2024-01-31 09:35:00,Exit A,/videos/Exit_A_20240131_093500.mp4
vid_36,2024-01-31 11:15:00,Waiting Hall 2,/videos/Waiting_Hall_2_20240131_111500.mp4
vid_32,2024-01-31 13:25:00,Security Check,/videos/Security_Check_20240131_132500.mp4
vid_19,2024-01-31 13:35:00,Waiting Hall 2,/videos/Waiting_Hall_2_20240131_133500.mp4
vid_4,2024-01-31 15:25:00,Platform 2,/videos/Platform_2_20240131_152500.mp4
vid_11,2024-01-31 15:45:00,Platform 2,/videos/Platform_2_20240131_154500.mp4
vid_39,2024-01-31 16:30:00,Entrance B,/videos/Entrance_B_20240131_163000.mp4
vid_1,2024-01-31 17:20:00,Platform 1,/videos/Platform_1_20240131_172000.mp4
vid_41,2024-01-31 18:05:00,Platform 2,/videos/Platform_2_20240131_180500.mp4
vid_17,2024-01-31 18:35:00,Entrance A,/videos/Entrance_A_20240131_183500.mp4
vid_9,2024-01-31 18:45:00,Exit A,/videos/Exit_A_20240131_184500.mp4
vid_2,2024-01-31 19:20:00,Platform 3,/videos/Platform_3_20240131_192000.mp4
vid_31,2024-01-31 19:45:00,Ticketing Hall,/videos/Ticketing_Hall_20240131_194500.mp4
vid_37,2024-01-31 20:00:00,Security Check,/videos/Security_Check_20240131_200000.mp4
vid_11,2024-01-31 20:30:00,Platform 3,/videos/Platform_3_20240131_203000.mp4
vid_5,2024-01-31 20:40:00,Ticketing Hall,/videos/Ticketing_Hall_20240131_204000.mp4
vid_23,2024-01-31 21:20:00,Platform 1,/videos/Platform_1_20240131_212000.mp4
vid_32,2024-01-31 21:30:00,Ticketing Hall,/videos/Ticketing_Hall_20240131_213000.mp4
vid_16,2024-01-31 22:35:00,Exit A,/videos/Exit_A_20240131_223500.mp4
vid_25,2024-01-31 23:55:00,Platform 3,/videos/Platform_3_20240131_235500.mp4
